"bigram_ending","count","prob"
"x",67121571,0.0019599901742537564
"q",88661425,0.002588966843987253
"j",120821762,0.00352806799405851
"w",236941451,0.006918832633303947
"z",327213789,0.009554839104113666
"b",378551765,0.011053938827600102
"f",385916925,0.011269005921780702
"v",501449269,0.014642619734373153
"p",530318853,0.015485628921014412
"y",584446754,0.017066196129624293
"k",592255122,0.017294205163515312
"g",706935862,0.020642951627988706
"d",936828695,0.027355960383569824
"m",977772547,0.028551545445428702
"c",1011287767,0.029530209992597197
"u",1109042803,0.03238471573775954
"h",1190447035,0.03476176818879161
"l",1881219514,0.054932739328381136
"t",1919884773,0.05606178810652992
"s",1943248979,0.05674403695003867
"o",2488277626,0.07265920068789009
"n",2500478022,0.07301545957643733
"r",2628482760,0.07675327478248974
"i",2828382202,0.08259045851227474
"a",3561373257,0.1039942374198914
"e",4748510641,0.13865936181230631
